Category,Description Contains,Account Contains,Institution Contains,Amount Min,Amount Max
Adult Activities Comunes Anual,"""purebarr"", ""Greenwich Art Society"",""Artarama"",""greenwichar"",""tennis Konnection"",""Bernardo Paineo""",,,,
Adult Activities Comunes Anual,Www.nyrr.org,,,,
Auto Comunes Anual,"""riley mazda"",""Lava Autos Mateo""",,,,
Auto Comunes Mensual,"""exxon"", ""gulf oil"",""shell"",""sunoco"",""Exxon""",,,$20,
Auto Comunes Mensual,"""E-zpass"",""E-z*pass""",,,,
Auto Comunes Mensual,"""Parkmobile"",""parking"",""City of New Rochelle"",""Landmark Square Valet"",""Spothero"",""Pmusa"",""Stamford Town Center""",,,,
Auto Fijo Mensual,"""Mfsusa"",""Mazda Financial""",,,,
Bonus,"""Travel Credit $300/year""",,,,
Accenture Expenses,"Accenture Llp, Des:payments",,,,
Accenture Expenses,"""Pepsico"",""Cvs 1 Cvs Dr"",""Frito Lay""",,,,
Accenture Expenses,"""uber"",""Amtrak""",,American Express,,
Casa Comunes Anual,"""The Home Depot"",""Homedepot.com""",,,,
Casa Comunes Mensual,"""withdrwl"",""oscar Ac Sam"",""Jessica Limpieza"",""Samy Guate"",""Samayo"",""Judith"",""hilda Orella""",,,,
Casa Fijo Anual,"""Ring Protect""",,,,
Casa Fijo Anual,The Cincinnati Insurance,,,,
Casa Fijo Mensual,"""pest services"",""Fox Pest Control""",,,,
Casa Fijo Mensual,Central Loan Adm Loan Paymt,,,,
Donation,Helpargentina,,,,
Interest,,Securities,,,"$1,000"
Interest,"""Cashback Bonus Redemption"",""Cash Debit Interest""",,,,
Interest,"""Interest Payment"", ""Interest Paid""",,,,
Kids Activities Comunes Anual,"""myogct"",""Old Greenwichriverside""",,,,
Kids Activities Comunes Anual,"""Sportsplex"",""Mathnasium""",,,,
Kids Activities Comunes Anual,Isd Pta,,,,
Kids Activities Comunes Anual,"""Unity Fused Arts"",""Greenwich After School"",""Codeninja"",""Your After School""",,,,
Tuition,Brilliant Minds,,,,
Pago Tarjeta,"""Credit Card Bill Payment"", ""American Express Des:ach Pmt"",""Discover, E-payment"",""Electronic Debit - Chase Credit"",""Payment Thank You-mobile"",""Chase Credit Crd Des:epay"",""Discover, Des:e-payment"",""Payment - Thank You"",""Internet Payment - Thank You"",""Automatic Payment - Thank"",""Directpay Full Balance"",""Barclaycard Us, Des:creditcard"",""Payment Received"",""Ach Electronic Debit - American Expr"",""Applecard Gsbank Des:payment"",""Online payment from Chk 3741"",""Online Banking payment to Crd 7302"",""Chase Credit Crd Des:autopay""",,,,
Paycheck,payroll,,,,
Realtor Expenses,"""Supra Re"",""Realtor Association/ml""",,,,
Salidas Comunes Mensual,"""sweet peas"", ""Boca Mediterranean"",""A-1 Cellars"",""Aux Delices"",""Cups N Cones"",""roost Cos Cob"",""Glory Days Diner""",,,,
Salidas Comunes Mensual,"""amk accenture"",""Mta*mnr""",,,,
Salidas Comunes Mensual,doordash,,,,
Salidas Comunes Mensual,Foreign Transaction Fee,,,,
Salidas Comunes Mensual,"""Msb Greenwich Public"",""Greenwich Public Schools""",,,,
Salidas Comunes Mensual,Museum,,,,
Salidas Comunes Mensual,"""Rappi Arg"",""Rappi Prime""",,,,
Salidas Comunes Mensual,"""pizza"",""coffee"",""sushi""",,,,
Salidas Comunes Mensual,"""Regal Cinemas"",""amc""",,,,
Salidas Comunes Mensual,"""Kfc"", ""Mcdonal"",""burger"",""Restaurant"",""Pizzeria"", ""restobar"", ""bar and grill"",""Chipotle"",""Starbucks"",""Mc Donalds"",""shake Shack""",,,,
Salidas Comunes Mensual,""" Star Bar"",""cfcf"",""Old Greenwich S Old Greenwichct"",""mexicue"",""Kashi"",""Tst* the Old Greenwich"",""green & Tonic"",""tod?s Point North""",,,,
Salidas Comunes Mensual,"""nail & spa"",""Nail Spa""",,,,
Salidas Comunes Mensual,uber,,Bank of America,,
Salidas Comunes Mensual,Mta*nyct,,,,
Salidas Comunes Mensual,"""exxon"", ""gulf oil"",""shell"",""sunoco""",,,,$20
Salidas Comunes Mensual,"""balducci""",,,,
Salidas Comunes Mensual,"""Baby s"",""luli Nanny Ct"",""Nanny"",""ana Velez"",""Kyara Fagre""",,,,
Salud,Greenwich Urgent Care,,,,
Shopping Comunes Mensual,"""Amzn"",""amazon.com"",""Google *google Photos"",""Amazon Mktpl"",""EBay"",""Amazon Prime*"",""Ups Store"",""Target"",""Kindle"",""Audible"",""Walmart"",""Apple.com""",,,,
Shopping Comunes Mensual,"""gap us"", ""zara.com"",""H&m"",""Macys""",,,,
Shopping Comunes Mensual,"""Staples"",""Athena Books"",""Marshalls"",""Michaels""",,,,
Shopping Comunes Mensual,"""Columbia Sportswear"",""Michael Kors"",""Hm.com"",""Br Factory.com"",""Gap Outlet""",,,,
Shopping Comunes Mensual,"""Anthropologie"",""Homegoods""",,,,
Super y Farmacia Comunes Mensual,"""cvs/pharmacy"",""Walgreens"",""Keeps""",,,,
Super y Farmacia Comunes Mensual,"""Whole Foods"", ""Instacar"",""acme"",""Kings"",""Wild Fork"",""costco"",""Trader Joe"",""Wholefds"",""Fjord Fish"",""Nueva Marqueta"",""Shoprite"",""Fuji Mart"",""Maruichi Select"",""LA Marqueta""",,,,
Super y Farmacia Comunes Mensual,vending,,,,
Telecom Fijo Mensual,"""Att*"",""Optimum""",,,,
,,,,,
Transfer Cuentas,"""Transfer to Checking"",""Transfer From Money Market"",""Transfer to Money Market"",""Transfer From Checking"",""Reinvest Cash Income"",""Cash Dividend Received"",""Brokerage Credittransfer"",""Fdic Insured Bank Withdrawal"",""Bank Settlement Activity"",""Fdic Insured Bank Deposit"",""Brokerage Debittransfer"",""Fdic Eligible Bank, Deposit""",,,,
Transfer Cuentas,Trade,Securities,,,
Transfer Cuentas,Sell,Brokerage,,,
Travel Montaña,"""MT Snow"",""mount snow"",""west dover"",""mountaincreek""",,,,
Tuition,"Zelle payment to, Escuela Argentina",,,,
Utilities Comunes Mensual,"""CT Natural Gas"",""Aquarionwater"",""Eversource"",""conelias Refuse"",""Santaguida""",,,,
Venmo,Venmo,,,,